{"_wandb":{"runtime":49},"accuracy":0.52,"_runtime":49.8474622,"epoch":10000,"num_layers":2,"loss":0.5072764754295349,"_step":99,"lr":0.001,"_timestamp":1.741950404309295e+09,"hidden_size":16}