{"_timestamp":1.7419505088229651e+09,"num_layers":3,"epoch":10000,"_wandb":{"runtime":91},"lr":0.0001,"_runtime":91.6556829,"_step":99,"loss":0.6181707978248596,"accuracy":0.56,"hidden_size":32}